<wpml-config>
    <admin-texts>
      <key name="ywraq_show_btn_link_text" />
      <key name="ywraq_additional_text_field_label" />
      <key name="ywraq_additional_text_field_label_2" />
      <key name="ywraq_additional_text_field_label_3" />
        <key name="woocommerce_ywraq_send_quote_settings">
            <key name="subject" />
            <key name="heading" />
            <key name="email-title" />
            <key name="email-description" />
        </key>
    </admin-texts>
</wpml-config>